synth_id,image_path,label_path,background_frame_id,background_asset_id,background_frame_path,background_zone_l1,donor_crop_id,donor_source_name,donor_crop_path,class_name,class_id,bbox_xywh_norm,generation_seed,image_width,image_height,sha256,quality_flag,notes
synth_v1_000001_fire,02_processed/synth/v1_smoke/images/synth_v1_000001_fire.jpg,02_processed/synth/v1_smoke/labels/synth_v1_000001_fire.txt,SHIP_DVIDS_001_3ecb335ebe874b93,SHIP_DVIDS_001,02_processed/frames/ship_like/DVIDS/20260426/SHIP_DVIDS_001/frame_000061.jpg,engine_room,dfire_fire_ba3eb43c6c83d8fb,DFire,02_processed/crops/fire_smoke_donor_v1/images/fire/DFire/dfire_fire_ba3eb43c6c83d8fb.png,fire,0,"[0.432084,0.66875,0.215457,0.233333]",22553981,854,480,40061a4dd005d516f0034273fedacc816b1ab35f7eb9887db3bfe028a7bdc8cb,synthetic_proxy,public_data_only; synthetic_positive_proxy; not_real_shipboard_positive_label; run_seed=20260426; opacity=0.644; blur_radius=0.009
synth_v1_000002_smoke,02_processed/synth/v1_smoke/images/synth_v1_000002_smoke.jpg,02_processed/synth/v1_smoke/labels/synth_v1_000002_smoke.txt,SHIP_DVIDS_001_3ecb335ebe874b93,SHIP_DVIDS_001,02_processed/frames/ship_like/DVIDS/20260426/SHIP_DVIDS_001/frame_000061.jpg,engine_room,dfire_smoke_822227b5bf3e16b8,DFire,02_processed/crops/fire_smoke_donor_v1/images/smoke/DFire/dfire_smoke_822227b5bf3e16b8.png,smoke,1,"[0.382319,0.78125,0.122951,0.175]",385066293,854,480,b5b6378543cdbd56f8938cbc9acde65cc3a4f3fdfbcff1d2764e39c7d4b3b7e4,synthetic_proxy,public_data_only; synthetic_positive_proxy; not_real_shipboard_positive_label; run_seed=20260426; opacity=0.787; blur_radius=0.573
synth_v1_000003_fire,02_processed/synth/v1_smoke/images/synth_v1_000003_fire.jpg,02_processed/synth/v1_smoke/labels/synth_v1_000003_fire.txt,SHIP_DVIDS_001_9b54493d5767b642,SHIP_DVIDS_001,02_processed/frames/ship_like/DVIDS/20260426/SHIP_DVIDS_001/frame_000178.jpg,engine_room,dfire_fire_49bebf7d277041f2,DFire,02_processed/crops/fire_smoke_donor_v1/images/fire/DFire/dfire_fire_49bebf7d277041f2.png,fire,0,"[0.739461,0.302083,0.15808,0.179167]",2948878401,854,480,2ca4c86ba16f04549e0bd38e08b30ff7f8d1fb007bb6743b741101b47e4ddbea,synthetic_proxy,public_data_only; synthetic_positive_proxy; not_real_shipboard_positive_label; run_seed=20260426; opacity=0.857; blur_radius=0.724
synth_v1_000004_smoke,02_processed/synth/v1_smoke/images/synth_v1_000004_smoke.jpg,02_processed/synth/v1_smoke/labels/synth_v1_000004_smoke.txt,SHIP_DVIDS_001_9b54493d5767b642,SHIP_DVIDS_001,02_processed/frames/ship_like/DVIDS/20260426/SHIP_DVIDS_001/frame_000178.jpg,engine_room,cqu_firesmokeyolo_smoke_7614597beda26c4f,CQU_FireSmokeYOLO,02_processed/crops/fire_smoke_donor_v1/images/smoke/CQU_FireSmokeYOLO/cqu_firesmokeyolo_smoke_7614597beda26c4f.png,smoke,1,"[0.610656,0.464583,0.13466,0.154167]",4086648685,854,480,261994f4a344b56d32744806940f8664f2435d79d6a0f1e4783d347f3ea603f4,synthetic_proxy,public_data_only; synthetic_positive_proxy; not_real_shipboard_positive_label; run_seed=20260426; opacity=0.802; blur_radius=0.160
synth_v1_000005_fire,02_processed/synth/v1_smoke/images/synth_v1_000005_fire.jpg,02_processed/synth/v1_smoke/labels/synth_v1_000005_fire.txt,SHIP_DVIDS_001_400f2782fd41337e,SHIP_DVIDS_001,02_processed/frames/ship_like/DVIDS/20260426/SHIP_DVIDS_001/frame_000072.jpg,engine_room,dfire_fire_a57f41f2d185e491,DFire,02_processed/crops/fire_smoke_donor_v1/images/fire/DFire/dfire_fire_a57f41f2d185e491.png,fire,0,"[0.293326,0.589583,0.115925,0.0875]",971325483,854,480,aeec70f1a37583252524c2331221429af0a4ca7439a99a9d7bb76d028c488ccd,synthetic_proxy,public_data_only; synthetic_positive_proxy; not_real_shipboard_positive_label; run_seed=20260426; opacity=0.573; blur_radius=0.097
synth_v1_000006_smoke,02_processed/synth/v1_smoke/images/synth_v1_000006_smoke.jpg,02_processed/synth/v1_smoke/labels/synth_v1_000006_smoke.txt,SHIP_DVIDS_001_400f2782fd41337e,SHIP_DVIDS_001,02_processed/frames/ship_like/DVIDS/20260426/SHIP_DVIDS_001/frame_000072.jpg,engine_room,dfire_smoke_d1f851cccae3a30c,DFire,02_processed/crops/fire_smoke_donor_v1/images/smoke/DFire/dfire_smoke_d1f851cccae3a30c.png,smoke,1,"[0.7863,0.492708,0.094848,0.139583]",627750464,854,480,845951c5fbc1352e4577acff3f217ef78f89402fd35ad3c481a4c761a76bce22,synthetic_proxy,public_data_only; synthetic_positive_proxy; not_real_shipboard_positive_label; run_seed=20260426; opacity=0.695; blur_radius=0.802
synth_v1_000007_fire,02_processed/synth/v1_smoke/images/synth_v1_000007_fire.jpg,02_processed/synth/v1_smoke/labels/synth_v1_000007_fire.txt,SHIP_DVIDS_001_c8ab8314378c8707,SHIP_DVIDS_001,02_processed/frames/ship_like/DVIDS/20260426/SHIP_DVIDS_001/frame_000189.jpg,engine_room,cqu_firesmokeyolo_fire_78f99e838b03336e,CQU_FireSmokeYOLO,02_processed/crops/fire_smoke_donor_v1/images/fire/CQU_FireSmokeYOLO/cqu_firesmokeyolo_fire_78f99e838b03336e.png,fire,0,"[0.422717,0.552083,0.107728,0.308333]",1140619591,854,480,ccde380ce40b017edf4202a09ab04b26b962e6c08c75626936c56a0d3027cb2c,synthetic_proxy,public_data_only; synthetic_positive_proxy; not_real_shipboard_positive_label; run_seed=20260426; opacity=0.827; blur_radius=0.767
synth_v1_000008_smoke,02_processed/synth/v1_smoke/images/synth_v1_000008_smoke.jpg,02_processed/synth/v1_smoke/labels/synth_v1_000008_smoke.txt,SHIP_DVIDS_001_c8ab8314378c8707,SHIP_DVIDS_001,02_processed/frames/ship_like/DVIDS/20260426/SHIP_DVIDS_001/frame_000189.jpg,engine_room,dfire_smoke_81c8800062b4d50c,DFire,02_processed/crops/fire_smoke_donor_v1/images/smoke/DFire/dfire_smoke_81c8800062b4d50c.png,smoke,1,"[0.180913,0.597917,0.129977,0.116667]",4023583955,854,480,36fcf285874993a004db7824e5edca116d9175180d0b7f0eeae5e2de700f2888,synthetic_proxy,public_data_only; synthetic_positive_proxy; not_real_shipboard_positive_label; run_seed=20260426; opacity=0.870; blur_radius=0.035
synth_v1_000009_fire,02_processed/synth/v1_smoke/images/synth_v1_000009_fire.jpg,02_processed/synth/v1_smoke/labels/synth_v1_000009_fire.txt,SHIP_DVIDS_001_45269f8c71df7506,SHIP_DVIDS_001,02_processed/frames/ship_like/DVIDS/20260426/SHIP_DVIDS_001/frame_000124.jpg,engine_room,cqu_firesmokeyolo_fire_2ab37a5fb147992a,CQU_FireSmokeYOLO,02_processed/crops/fire_smoke_donor_v1/images/fire/CQU_FireSmokeYOLO/cqu_firesmokeyolo_fire_2ab37a5fb147992a.png,fire,0,"[0.191452,0.380208,0.048009,0.36875]",733111007,854,480,385d05235702f1318b6125b90927ebdf055d0db452e560c4ba1a4eb874ab0e3f,synthetic_proxy,public_data_only; synthetic_positive_proxy; not_real_shipboard_positive_label; run_seed=20260426; opacity=0.668; blur_radius=0.646
synth_v1_000010_smoke,02_processed/synth/v1_smoke/images/synth_v1_000010_smoke.jpg,02_processed/synth/v1_smoke/labels/synth_v1_000010_smoke.txt,SHIP_DVIDS_001_45269f8c71df7506,SHIP_DVIDS_001,02_processed/frames/ship_like/DVIDS/20260426/SHIP_DVIDS_001/frame_000124.jpg,engine_room,cqu_firesmokeyolo_smoke_3b3c701a9519faf2,CQU_FireSmokeYOLO,02_processed/crops/fire_smoke_donor_v1/images/smoke/CQU_FireSmokeYOLO/cqu_firesmokeyolo_smoke_3b3c701a9519faf2.png,smoke,1,"[0.758197,0.563542,0.204918,0.260417]",4176221156,854,480,a3e4fb8a52ba6c56ac55d935dac5be2a1441d57ad2d3fd26b8c58b6d48cf394d,synthetic_proxy,public_data_only; synthetic_positive_proxy; not_real_shipboard_positive_label; run_seed=20260426; opacity=0.557; blur_radius=0.176
synth_v1_000011_fire,02_processed/synth/v1_smoke/images/synth_v1_000011_fire.jpg,02_processed/synth/v1_smoke/labels/synth_v1_000011_fire.txt,SHIP_DVIDS_001_f61bc432432e9226,SHIP_DVIDS_001,02_processed/frames/ship_like/DVIDS/20260426/SHIP_DVIDS_001/frame_000130.jpg,engine_room,cqu_firesmokeyolo_fire_b15cba72d2f36498,CQU_FireSmokeYOLO,02_processed/crops/fire_smoke_donor_v1/images/fire/CQU_FireSmokeYOLO/cqu_firesmokeyolo_fire_b15cba72d2f36498.png,fire,0,"[0.563232,0.478125,0.12178,0.20625]",3066845143,854,480,4920e177bd7481f09f4a00288fa8a47292eb09460b8bbeb840f8197cae34c160,synthetic_proxy,public_data_only; synthetic_positive_proxy; not_real_shipboard_positive_label; run_seed=20260426; opacity=0.836; blur_radius=0.904
synth_v1_000012_smoke,02_processed/synth/v1_smoke/images/synth_v1_000012_smoke.jpg,02_processed/synth/v1_smoke/labels/synth_v1_000012_smoke.txt,SHIP_DVIDS_001_f61bc432432e9226,SHIP_DVIDS_001,02_processed/frames/ship_like/DVIDS/20260426/SHIP_DVIDS_001/frame_000130.jpg,engine_room,cqu_firesmokeyolo_smoke_bfc9dea0c5bbe1e7,CQU_FireSmokeYOLO,02_processed/crops/fire_smoke_donor_v1/images/smoke/CQU_FireSmokeYOLO/cqu_firesmokeyolo_smoke_bfc9dea0c5bbe1e7.png,smoke,1,"[0.817916,0.552083,0.048009,0.15]",1039843782,854,480,fc9c6a441a2e7d060af6544577448cf581695822fa64224c6c32ee4ef108371b,synthetic_proxy,public_data_only; synthetic_positive_proxy; not_real_shipboard_positive_label; run_seed=20260426; opacity=0.689; blur_radius=0.573
synth_v1_000013_fire,02_processed/synth/v1_smoke/images/synth_v1_000013_fire.jpg,02_processed/synth/v1_smoke/labels/synth_v1_000013_fire.txt,SHIP_DVIDS_001_af3830021946ed5f,SHIP_DVIDS_001,02_processed/frames/ship_like/DVIDS/20260426/SHIP_DVIDS_001/frame_000079.jpg,engine_room,dfire_fire_0ddb38053195e403,DFire,02_processed/crops/fire_smoke_donor_v1/images/fire/DFire/dfire_fire_0ddb38053195e403.png,fire,0,"[0.277518,0.541667,0.194379,0.308333]",1979373019,854,480,489f3438321500d7f18f0db1948237dfa0b0ada0a4e488b5b463ca0d8f97b21f,synthetic_proxy,public_data_only; synthetic_positive_proxy; not_real_shipboard_positive_label; run_seed=20260426; opacity=0.594; blur_radius=0.824
synth_v1_000014_smoke,02_processed/synth/v1_smoke/images/synth_v1_000014_smoke.jpg,02_processed/synth/v1_smoke/labels/synth_v1_000014_smoke.txt,SHIP_DVIDS_001_af3830021946ed5f,SHIP_DVIDS_001,02_processed/frames/ship_like/DVIDS/20260426/SHIP_DVIDS_001/frame_000079.jpg,engine_room,cqu_firesmokeyolo_smoke_f691c794b61bcafb,CQU_FireSmokeYOLO,02_processed/crops/fire_smoke_donor_v1/images/smoke/CQU_FireSmokeYOLO/cqu_firesmokeyolo_smoke_f691c794b61bcafb.png,smoke,1,"[0.631733,0.196875,0.101874,0.210417]",3123011506,854,480,d67f20cbf825e4b8b21116433053d6dca868b3388691b0ca1e5dd2afa0aeea56,synthetic_proxy,public_data_only; synthetic_positive_proxy; not_real_shipboard_positive_label; run_seed=20260426; opacity=0.852; blur_radius=0.441
synth_v1_000015_fire,02_processed/synth/v1_smoke/images/synth_v1_000015_fire.jpg,02_processed/synth/v1_smoke/labels/synth_v1_000015_fire.txt,SHIP_DVIDS_001_3e0d9bd10198c31a,SHIP_DVIDS_001,02_processed/frames/ship_like/DVIDS/20260426/SHIP_DVIDS_001/frame_000071.jpg,engine_room,dfire_fire_5dd03f84a7733375,DFire,02_processed/crops/fire_smoke_donor_v1/images/fire/DFire/dfire_fire_5dd03f84a7733375.png,fire,0,"[0.209602,0.240625,0.105386,0.20625]",1070555859,854,480,08b1115d8843f6ad99264a400eddf192ee829712fdf9f0360a110d4daa3c5c68,synthetic_proxy,public_data_only; synthetic_positive_proxy; not_real_shipboard_positive_label; run_seed=20260426; opacity=0.607; blur_radius=0.068
synth_v1_000016_smoke,02_processed/synth/v1_smoke/images/synth_v1_000016_smoke.jpg,02_processed/synth/v1_smoke/labels/synth_v1_000016_smoke.txt,SHIP_DVIDS_001_3e0d9bd10198c31a,SHIP_DVIDS_001,02_processed/frames/ship_like/DVIDS/20260426/SHIP_DVIDS_001/frame_000071.jpg,engine_room,cqu_firesmokeyolo_smoke_379f6cc3426b2774,CQU_FireSmokeYOLO,02_processed/crops/fire_smoke_donor_v1/images/smoke/CQU_FireSmokeYOLO/cqu_firesmokeyolo_smoke_379f6cc3426b2774.png,smoke,1,"[0.320843,0.239583,0.159251,0.25]",107660218,854,480,09538129a0ae1ed051ca7009e89e13d1f7fecbfaac7ce5bf863ba9b9ecc1d9fc,synthetic_proxy,public_data_only; synthetic_positive_proxy; not_real_shipboard_positive_label; run_seed=20260426; opacity=0.682; blur_radius=0.921
synth_v1_000017_fire,02_processed/synth/v1_smoke/images/synth_v1_000017_fire.jpg,02_processed/synth/v1_smoke/labels/synth_v1_000017_fire.txt,SHIP_DVIDS_001_ba2578ad1725d859,SHIP_DVIDS_001,02_processed/frames/ship_like/DVIDS/20260426/SHIP_DVIDS_001/frame_000069.jpg,engine_room,cqu_firesmokeyolo_fire_0870661739a32947,CQU_FireSmokeYOLO,02_processed/crops/fire_smoke_donor_v1/images/fire/CQU_FireSmokeYOLO/cqu_firesmokeyolo_fire_0870661739a32947.png,fire,0,"[0.175644,0.657292,0.100703,0.41875]",4016087267,854,480,8bc3febdd323f373f624cbec4fef9773c81ab20309dabb78dcf8bb2468df3ac9,synthetic_proxy,public_data_only; synthetic_positive_proxy; not_real_shipboard_positive_label; run_seed=20260426; opacity=0.631; blur_radius=0.592
synth_v1_000018_smoke,02_processed/synth/v1_smoke/images/synth_v1_000018_smoke.jpg,02_processed/synth/v1_smoke/labels/synth_v1_000018_smoke.txt,SHIP_DVIDS_001_ba2578ad1725d859,SHIP_DVIDS_001,02_processed/frames/ship_like/DVIDS/20260426/SHIP_DVIDS_001/frame_000069.jpg,engine_room,dfire_smoke_b220217692dea77a,DFire,02_processed/crops/fire_smoke_donor_v1/images/smoke/DFire/dfire_smoke_b220217692dea77a.png,smoke,1,"[0.327869,0.375,0.107728,0.191667]",2080973015,854,480,fda591557f013a9f5cc945ca15379ea90b82659748f8dd39519886ff7bd59908,synthetic_proxy,public_data_only; synthetic_positive_proxy; not_real_shipboard_positive_label; run_seed=20260426; opacity=0.564; blur_radius=0.105
synth_v1_000019_fire,02_processed/synth/v1_smoke/images/synth_v1_000019_fire.jpg,02_processed/synth/v1_smoke/labels/synth_v1_000019_fire.txt,SHIP_DVIDS_001_5f3ce98429c33975,SHIP_DVIDS_001,02_processed/frames/ship_like/DVIDS/20260426/SHIP_DVIDS_001/frame_000107.jpg,engine_room,dfire_fire_60ebf7fd4e5fcd89,DFire,02_processed/crops/fire_smoke_donor_v1/images/fire/DFire/dfire_fire_60ebf7fd4e5fcd89.png,fire,0,"[0.461944,0.251042,0.099532,0.185417]",3573307124,854,480,18b7a82aebd83db45d7fc9264d88867b3366701deb030d4fbbd36a416015d057,synthetic_proxy,public_data_only; synthetic_positive_proxy; not_real_shipboard_positive_label; run_seed=20260426; opacity=0.834; blur_radius=0.044
synth_v1_000020_smoke,02_processed/synth/v1_smoke/images/synth_v1_000020_smoke.jpg,02_processed/synth/v1_smoke/labels/synth_v1_000020_smoke.txt,SHIP_DVIDS_001_5f3ce98429c33975,SHIP_DVIDS_001,02_processed/frames/ship_like/DVIDS/20260426/SHIP_DVIDS_001/frame_000107.jpg,engine_room,cqu_firesmokeyolo_smoke_55752b7518a14990,CQU_FireSmokeYOLO,02_processed/crops/fire_smoke_donor_v1/images/smoke/CQU_FireSmokeYOLO/cqu_firesmokeyolo_smoke_55752b7518a14990.png,smoke,1,"[0.704333,0.607292,0.160422,0.377083]",1147789384,854,480,550a9136d944e8c89c2ee46ad950a453101789a220cf6e97e52ea2b96aab54dd,synthetic_proxy,public_data_only; synthetic_positive_proxy; not_real_shipboard_positive_label; run_seed=20260426; opacity=0.737; blur_radius=0.375
